Negative;Neutral;Positive;Mean;Total
100.0;1045.0;233.0;0.1262699564586357;1378.0
7.0;68.0;31.0;0.22452830188679243;106.0
22.0;140.0;50.0;0.17264150943396223;212.0
299.0;1596.0;331.0;0.01563342318059299;2226.0
203.0;1234.0;259.0;0.03655660377358491;1696.0
175.0;874.0;223.0;0.04638364779874212;1272.0
114.0;615.0;119.0;0.04999999999999999;848.0
55.0;218.0;45.0;0.012578616352201259;318.0
27.0;151.0;34.0;0.0330188679245283;212.0
