Negative;Neutral;Positive;Mean;Total
32.0;1189.0;157.0;0.21915820029027577;1378.0
3.0;89.0;14.0;0.2641509433962264;106.0
2.0;175.0;35.0;0.39622641509433965;212.0
113.0;1949.0;164.0;0.05929919137466307;2226.0
61.0;1496.0;139.0;0.11143867924528301;1696.0
71.0;1111.0;90.0;0.06289308176100629;1272.0
28.0;731.0;89.0;0.17570754716981132;848.0
6.0;283.0;29.0;0.1540880503144654;318.0
14.0;180.0;18.0;0.06132075471698113;212.0
