Negative;Neutral;Positive;Mean;Total
19.0;1258.0;101.0;0.12844702467343977;1378.0
3.0;93.0;10.0;0.19811320754716982;106.0
4.0;194.0;14.0;0.12735849056603774;212.0
110.0;1974.0;142.0;0.023809523809523808;2226.0
76.0;1502.0;118.0;0.03773584905660377;1696.0
62.0;1125.0;85.0;0.03223270440251572;1272.0
35.0;749.0;64.0;0.06721698113207547;848.0
16.0;277.0;25.0;0.015723270440251572;318.0
6.0;193.0;13.0;0.04245283018867924;212.0
