Negative;Neutral;Positive;Mean;Total
57.0;949.0;372.0;0.2149492017416546;1378.0
3.0;67.0;36.0;0.27358490566037735;106.0
11.0;142.0;59.0;0.28584905660377363;212.0
289.0;1498.0;439.0;0.0664869721473495;2226.0
157.0;1152.0;387.0;0.11120283018867923;1696.0
135.0;881.0;256.0;0.09921383647798743;1272.0
70.0;596.0;182.0;0.15047169811320754;848.0
20.0;231.0;67.0;0.1509433962264151;318.0
34.0;127.0;51.0;0.053773584905660386;212.0
