Negative;Neutral;Positive;Mean;Total
118.0;1118.0;142.0;0.10159651669085631;1378.0
8.0;87.0;11.0;0.16981132075471697;106.0
13.0;171.0;28.0;0.21226415094339623;212.0
126.0;1911.0;189.0;0.10377358490566038;2226.0
55.0;1495.0;146.0;0.15566037735849056;1696.0
72.0;1058.0;142.0;0.16666666666666666;1272.0
51.0;708.0;89.0;0.1580188679245283;848.0
10.0;275.0;33.0;0.18553459119496854;318.0
19.0;164.0;29.0;0.10377358490566038;212.0
