Negative;Neutral;Positive;Mean;Total
162.0;956.0;260.0;0.14136429608127724;1378.0
16.0;73.0;17.0;0.13018867924528302;106.0
21.0;145.0;46.0;0.19905660377358492;212.0
250.0;1531.0;445.0;0.0958670260557053;2226.0
149.0;1192.0;355.0;0.11957547169811324;1696.0
146.0;868.0;258.0;0.10974842767295596;1272.0
107.0;573.0;168.0;0.11886792452830186;848.0
26.0;222.0;70.0;0.12955974842767295;318.0
36.0;127.0;49.0;0.0320754716981132;212.0
