Negative;Neutral;Positive;Mean;Total
82.0;1146.0;150.0;0.15965166908563136;1378.0
10.0;86.0;10.0;0.09433962264150944;106.0
14.0;170.0;28.0;0.23113207547169812;212.0
94.0;1938.0;194.0;0.10422282120395328;2226.0
51.0;1478.0;167.0;0.1715801886792453;1696.0
62.0;1078.0;132.0;0.16823899371069181;1272.0
50.0;703.0;95.0;0.14622641509433962;848.0
6.0;287.0;25.0;0.14465408805031446;318.0
18.0;168.0;26.0;0.10849056603773585;212.0
