Negative;Neutral;Positive;Mean;Total
188.0;905.0;285.0;0.10957910014513789;1378.0
16.0;71.0;19.0;0.10754716981132077;106.0
32.0;140.0;40.0;0.11981132075471701;212.0
291.0;1511.0;424.0;0.06828391734052111;2226.0
138.0;1179.0;379.0;0.12075471698113208;1696.0
144.0;855.0;273.0;0.0988993710691824;1272.0
118.0;542.0;188.0;0.10353773584905662;848.0
31.0;215.0;72.0;0.11069182389937106;318.0
35.0;116.0;61.0;0.08113207547169814;212.0
