Negative;Neutral;Positive;Mean;Total
73.0;1111.0;194.0;0.24238026124818576;1378.0
5.0;89.0;12.0;0.16981132075471697;106.0
8.0;174.0;30.0;0.2830188679245283;212.0
152.0;1870.0;204.0;0.08939802336028752;2226.0
115.0;1387.0;194.0;0.1420990566037736;1696.0
80.0;1062.0;130.0;0.1391509433962264;1272.0
58.0;713.0;77.0;0.06839622641509434;848.0
16.0;262.0;40.0;0.18238993710691823;318.0
14.0;160.0;38.0;0.20754716981132076;212.0
