Negative;Neutral;Positive;Mean;Total
102.0;1100.0;176.0;0.14078374455732948;1378.0
9.0;82.0;15.0;0.14150943396226415;106.0
15.0;170.0;27.0;0.1650943396226415;212.0
203.0;1838.0;185.0;0.018418688230008983;2226.0
159.0;1363.0;174.0;0.04068396226415094;1696.0
107.0;1017.0;148.0;0.11084905660377359;1272.0
49.0;718.0;81.0;0.09669811320754718;848.0
26.0;272.0;20.0;-0.07232704402515723;318.0
22.0;153.0;37.0;0.15566037735849056;212.0
