Negative;Neutral;Positive;Mean;Total
190.0;901.0;287.0;0.07692307692307693;1378.0
15.0;71.0;20.0;0.04716981132075472;106.0
26.0;147.0;39.0;0.07452830188679245;212.0
378.0;1408.0;440.0;0.0014375561545372912;2226.0
304.0;1033.0;359.0;-0.00731132075471698;1696.0
225.0;730.0;317.0;0.05377358490566037;1272.0
125.0;562.0;161.0;0.03679245283018869;848.0
60.0;195.0;63.0;-0.04779874213836479;318.0
44.0;112.0;56.0;0.0188679245283019;212.0
