Negative;Neutral;Positive;Mean;Total
132.0;932.0;314.0;0.1984034833091437;1378.0
8.0;78.0;20.0;0.1811320754716981;106.0
14.0;155.0;43.0;0.20000000000000004;212.0
287.0;1505.0;434.0;0.06280323450134771;2226.0
230.0;1028.0;438.0;0.10424528301886793;1696.0
156.0;826.0;290.0;0.08380503144654089;1272.0
134.0;567.0;147.0;0.05212264150943395;848.0
43.0;195.0;80.0;0.06855345911949684;318.0
35.0;125.0;52.0;0.08207547169811322;212.0
