Negative;Neutral;Positive;Mean;Total
22.0;1286.0;70.0;0.0146589259796807;1378.0
2.0;96.0;8.0;0.041509433962264156;106.0
7.0;196.0;9.0;0.011320754716981133;212.0
21.0;2140.0;65.0;0.011769991015274036;2226.0
26.0;1556.0;114.0;0.034316037735849056;1696.0
9.0;1204.0;59.0;0.027515723270440256;1272.0
5.0;818.0;25.0;0.011320754716981133;848.0
5.0;299.0;14.0;0.016981132075471698;318.0
1.0;204.0;7.0;0.02358490566037736;212.0
