Negative;Neutral;Positive;Mean;Total
10.0;1348.0;20.0;0.0043541364296081275;1378.0
2.0;99.0;5.0;0.011320754716981133;106.0
2.0;208.0;2.0;0.0018867924528301887;212.0
7.0;2191.0;28.0;0.00440251572327044;2226.0
13.0;1661.0;22.0;0.0034198113207547175;1696.0
4.0;1255.0;13.0;0.0028301886792452833;1272.0
8.0;832.0;8.0;0.0021226415094339622;848.0
3.0;307.0;8.0;0.006918238993710692;318.0
3.0;198.0;11.0;0.016037735849056604;212.0
